"Status","Name","Duration in ms","Description"
"passed","testcase.test_case.TestCase#test_02","279",""
"passed","testcase.test_case.TestCase#test_05","501",""
"passed","testcase.test_case.TestCase#test_01","1226",""
"passed","testcase.test_case.TestCase#test_08","596",""
"passed","testcase.test_case.TestCase#test_06","1873",""
"passed","testcase.test_case.TestCase#test_07","311",""
"passed","testcase.test_case.TestCase#test_03","279",""
"passed","testcase.test_case.TestCase#test_09","373",""
"passed","testcase.test_case.TestCase#test_04","319",""
